--
-- PostgreSQL database dump
--

-- Dumped from database version 16.3 (Debian 16.3-1.pgdg120+1)
-- Dumped by pg_dump version 16.3 (Ubuntu 16.3-1.pgdg22.04+1)

SET statement_timeout = 0;
SET lock_timeout = 0;
SET idle_in_transaction_session_timeout = 0;
SET client_encoding = 'UTF8';
SET standard_conforming_strings = on;
SELECT pg_catalog.set_config('search_path', '', false);
SET check_function_bodies = false;
SET xmloption = content;
SET client_min_messages = warning;
SET row_security = off;

SET default_tablespace = '';

SET default_table_access_method = heap;

--
-- Name: CustomUser_customuser; Type: TABLE; Schema: public; Owner: gic_pgadmin
--

CREATE TABLE public."CustomUser_customuser" (
    id bigint NOT NULL,
    password character varying(128) NOT NULL,
    last_login timestamp with time zone,
    is_superuser boolean NOT NULL,
    first_name character varying(150) NOT NULL,
    last_name character varying(150) NOT NULL,
    is_staff boolean NOT NULL,
    is_active boolean NOT NULL,
    date_joined timestamp with time zone NOT NULL,
    email character varying(254) NOT NULL
);


ALTER TABLE public."CustomUser_customuser" OWNER TO gic_pgadmin;

--
-- Name: CustomUser_customuser_groups; Type: TABLE; Schema: public; Owner: gic_pgadmin
--

CREATE TABLE public."CustomUser_customuser_groups" (
    id bigint NOT NULL,
    customuser_id bigint NOT NULL,
    group_id integer NOT NULL
);


ALTER TABLE public."CustomUser_customuser_groups" OWNER TO gic_pgadmin;

--
-- Name: CustomUser_customuser_groups_id_seq; Type: SEQUENCE; Schema: public; Owner: gic_pgadmin
--

ALTER TABLE public."CustomUser_customuser_groups" ALTER COLUMN id ADD GENERATED BY DEFAULT AS IDENTITY (
    SEQUENCE NAME public."CustomUser_customuser_groups_id_seq"
    START WITH 1
    INCREMENT BY 1
    NO MINVALUE
    NO MAXVALUE
    CACHE 1
);


--
-- Name: CustomUser_customuser_id_seq; Type: SEQUENCE; Schema: public; Owner: gic_pgadmin
--

ALTER TABLE public."CustomUser_customuser" ALTER COLUMN id ADD GENERATED BY DEFAULT AS IDENTITY (
    SEQUENCE NAME public."CustomUser_customuser_id_seq"
    START WITH 1
    INCREMENT BY 1
    NO MINVALUE
    NO MAXVALUE
    CACHE 1
);


--
-- Name: CustomUser_customuser_user_permissions; Type: TABLE; Schema: public; Owner: gic_pgadmin
--

CREATE TABLE public."CustomUser_customuser_user_permissions" (
    id bigint NOT NULL,
    customuser_id bigint NOT NULL,
    permission_id integer NOT NULL
);


ALTER TABLE public."CustomUser_customuser_user_permissions" OWNER TO gic_pgadmin;

--
-- Name: CustomUser_customuser_user_permissions_id_seq; Type: SEQUENCE; Schema: public; Owner: gic_pgadmin
--

ALTER TABLE public."CustomUser_customuser_user_permissions" ALTER COLUMN id ADD GENERATED BY DEFAULT AS IDENTITY (
    SEQUENCE NAME public."CustomUser_customuser_user_permissions_id_seq"
    START WITH 1
    INCREMENT BY 1
    NO MINVALUE
    NO MAXVALUE
    CACHE 1
);


--
-- Name: Home_partner; Type: TABLE; Schema: public; Owner: gic_pgadmin
--

CREATE TABLE public."Home_partner" (
    id bigint NOT NULL,
    logo character varying(100) NOT NULL,
    title character varying(255) NOT NULL,
    about text NOT NULL,
    slug character varying(50)
);


ALTER TABLE public."Home_partner" OWNER TO gic_pgadmin;

--
-- Name: Home_partner_id_seq; Type: SEQUENCE; Schema: public; Owner: gic_pgadmin
--

ALTER TABLE public."Home_partner" ALTER COLUMN id ADD GENERATED BY DEFAULT AS IDENTITY (
    SEQUENCE NAME public."Home_partner_id_seq"
    START WITH 1
    INCREMENT BY 1
    NO MINVALUE
    NO MAXVALUE
    CACHE 1
);


--
-- Name: Home_quote; Type: TABLE; Schema: public; Owner: gic_pgadmin
--

CREATE TABLE public."Home_quote" (
    id bigint NOT NULL,
    author character varying(100) NOT NULL,
    designation character varying(100) NOT NULL,
    content text NOT NULL,
    slug character varying(50)
);


ALTER TABLE public."Home_quote" OWNER TO gic_pgadmin;

--
-- Name: Home_quote_id_seq; Type: SEQUENCE; Schema: public; Owner: gic_pgadmin
--

ALTER TABLE public."Home_quote" ALTER COLUMN id ADD GENERATED BY DEFAULT AS IDENTITY (
    SEQUENCE NAME public."Home_quote_id_seq"
    START WITH 1
    INCREMENT BY 1
    NO MINVALUE
    NO MAXVALUE
    CACHE 1
);


--
-- Name: Home_stats; Type: TABLE; Schema: public; Owner: gic_pgadmin
--

CREATE TABLE public."Home_stats" (
    id bigint NOT NULL,
    title character varying(255) NOT NULL,
    content character varying(100) NOT NULL,
    slug character varying(50)
);


ALTER TABLE public."Home_stats" OWNER TO gic_pgadmin;

--
-- Name: Home_stats_id_seq; Type: SEQUENCE; Schema: public; Owner: gic_pgadmin
--

ALTER TABLE public."Home_stats" ALTER COLUMN id ADD GENERATED BY DEFAULT AS IDENTITY (
    SEQUENCE NAME public."Home_stats_id_seq"
    START WITH 1
    INCREMENT BY 1
    NO MINVALUE
    NO MAXVALUE
    CACHE 1
);


--
-- Name: Notifications_incubation; Type: TABLE; Schema: public; Owner: gic_pgadmin
--

CREATE TABLE public."Notifications_incubation" (
    id bigint NOT NULL,
    start_up_title character varying(255) NOT NULL,
    city character varying(100) NOT NULL,
    founders_name character varying(100) NOT NULL,
    founders_email character varying(254) NOT NULL,
    founders_contact character varying(10) NOT NULL,
    cofounders_name character varying(100),
    cofounders_email character varying(254),
    cofounders_contact character varying(10),
    team_size integer NOT NULL,
    domain character varying(100) NOT NULL,
    description text NOT NULL,
    incubation_form_url character varying(200) NOT NULL,
    aadhar_url character varying(200) NOT NULL,
    slug character varying(50),
    CONSTRAINT "Notifications_incubation_team_size_check" CHECK ((team_size >= 0))
);


ALTER TABLE public."Notifications_incubation" OWNER TO gic_pgadmin;

--
-- Name: Notifications_incubation_id_seq; Type: SEQUENCE; Schema: public; Owner: gic_pgadmin
--

ALTER TABLE public."Notifications_incubation" ALTER COLUMN id ADD GENERATED BY DEFAULT AS IDENTITY (
    SEQUENCE NAME public."Notifications_incubation_id_seq"
    START WITH 1
    INCREMENT BY 1
    NO MINVALUE
    NO MAXVALUE
    CACHE 1
);


--
-- Name: Notifications_inquiry; Type: TABLE; Schema: public; Owner: gic_pgadmin
--

CREATE TABLE public."Notifications_inquiry" (
    id bigint NOT NULL,
    email character varying(254) NOT NULL,
    start_up_title character varying(255) NOT NULL,
    name character varying(100) NOT NULL,
    city character varying(100) NOT NULL,
    contact character varying(10) NOT NULL,
    incorporated character varying(255) NOT NULL,
    description text NOT NULL,
    startup_stage character varying(255) NOT NULL,
    needed_support character varying(255) NOT NULL,
    incubated text NOT NULL,
    team_size integer NOT NULL,
    raised_fund_amount integer,
    funding_agency character varying(255),
    pitch_deck_url character varying(200),
    slug character varying(50),
    CONSTRAINT "Notifications_inquiry_raised_fund_amount_check" CHECK ((raised_fund_amount >= 0)),
    CONSTRAINT "Notifications_inquiry_team_size_check" CHECK ((team_size >= 0))
);


ALTER TABLE public."Notifications_inquiry" OWNER TO gic_pgadmin;

--
-- Name: Notifications_inquiry_id_seq; Type: SEQUENCE; Schema: public; Owner: gic_pgadmin
--

ALTER TABLE public."Notifications_inquiry" ALTER COLUMN id ADD GENERATED BY DEFAULT AS IDENTITY (
    SEQUENCE NAME public."Notifications_inquiry_id_seq"
    START WITH 1
    INCREMENT BY 1
    NO MINVALUE
    NO MAXVALUE
    CACHE 1
);


--
-- Name: Notifications_reachout; Type: TABLE; Schema: public; Owner: gic_pgadmin
--

CREATE TABLE public."Notifications_reachout" (
    id bigint NOT NULL,
    email character varying(254) NOT NULL,
    name character varying(100) NOT NULL,
    contact character varying(10) NOT NULL,
    message text NOT NULL
);


ALTER TABLE public."Notifications_reachout" OWNER TO gic_pgadmin;

--
-- Name: Notifications_reachout_id_seq; Type: SEQUENCE; Schema: public; Owner: gic_pgadmin
--

ALTER TABLE public."Notifications_reachout" ALTER COLUMN id ADD GENERATED BY DEFAULT AS IDENTITY (
    SEQUENCE NAME public."Notifications_reachout_id_seq"
    START WITH 1
    INCREMENT BY 1
    NO MINVALUE
    NO MAXVALUE
    CACHE 1
);


--
-- Name: auth_group; Type: TABLE; Schema: public; Owner: gic_pgadmin
--

CREATE TABLE public.auth_group (
    id integer NOT NULL,
    name character varying(150) NOT NULL
);


ALTER TABLE public.auth_group OWNER TO gic_pgadmin;

--
-- Name: auth_group_id_seq; Type: SEQUENCE; Schema: public; Owner: gic_pgadmin
--

ALTER TABLE public.auth_group ALTER COLUMN id ADD GENERATED BY DEFAULT AS IDENTITY (
    SEQUENCE NAME public.auth_group_id_seq
    START WITH 1
    INCREMENT BY 1
    NO MINVALUE
    NO MAXVALUE
    CACHE 1
);


--
-- Name: auth_group_permissions; Type: TABLE; Schema: public; Owner: gic_pgadmin
--

CREATE TABLE public.auth_group_permissions (
    id bigint NOT NULL,
    group_id integer NOT NULL,
    permission_id integer NOT NULL
);


ALTER TABLE public.auth_group_permissions OWNER TO gic_pgadmin;

--
-- Name: auth_group_permissions_id_seq; Type: SEQUENCE; Schema: public; Owner: gic_pgadmin
--

ALTER TABLE public.auth_group_permissions ALTER COLUMN id ADD GENERATED BY DEFAULT AS IDENTITY (
    SEQUENCE NAME public.auth_group_permissions_id_seq
    START WITH 1
    INCREMENT BY 1
    NO MINVALUE
    NO MAXVALUE
    CACHE 1
);


--
-- Name: auth_permission; Type: TABLE; Schema: public; Owner: gic_pgadmin
--

CREATE TABLE public.auth_permission (
    id integer NOT NULL,
    name character varying(255) NOT NULL,
    content_type_id integer NOT NULL,
    codename character varying(100) NOT NULL
);


ALTER TABLE public.auth_permission OWNER TO gic_pgadmin;

--
-- Name: auth_permission_id_seq; Type: SEQUENCE; Schema: public; Owner: gic_pgadmin
--

ALTER TABLE public.auth_permission ALTER COLUMN id ADD GENERATED BY DEFAULT AS IDENTITY (
    SEQUENCE NAME public.auth_permission_id_seq
    START WITH 1
    INCREMENT BY 1
    NO MINVALUE
    NO MAXVALUE
    CACHE 1
);


--
-- Name: django_admin_log; Type: TABLE; Schema: public; Owner: gic_pgadmin
--

CREATE TABLE public.django_admin_log (
    id integer NOT NULL,
    action_time timestamp with time zone NOT NULL,
    object_id text,
    object_repr character varying(200) NOT NULL,
    action_flag smallint NOT NULL,
    change_message text NOT NULL,
    content_type_id integer,
    user_id bigint NOT NULL,
    CONSTRAINT django_admin_log_action_flag_check CHECK ((action_flag >= 0))
);


ALTER TABLE public.django_admin_log OWNER TO gic_pgadmin;

--
-- Name: django_admin_log_id_seq; Type: SEQUENCE; Schema: public; Owner: gic_pgadmin
--

ALTER TABLE public.django_admin_log ALTER COLUMN id ADD GENERATED BY DEFAULT AS IDENTITY (
    SEQUENCE NAME public.django_admin_log_id_seq
    START WITH 1
    INCREMENT BY 1
    NO MINVALUE
    NO MAXVALUE
    CACHE 1
);


--
-- Name: django_content_type; Type: TABLE; Schema: public; Owner: gic_pgadmin
--

CREATE TABLE public.django_content_type (
    id integer NOT NULL,
    app_label character varying(100) NOT NULL,
    model character varying(100) NOT NULL
);


ALTER TABLE public.django_content_type OWNER TO gic_pgadmin;

--
-- Name: django_content_type_id_seq; Type: SEQUENCE; Schema: public; Owner: gic_pgadmin
--

ALTER TABLE public.django_content_type ALTER COLUMN id ADD GENERATED BY DEFAULT AS IDENTITY (
    SEQUENCE NAME public.django_content_type_id_seq
    START WITH 1
    INCREMENT BY 1
    NO MINVALUE
    NO MAXVALUE
    CACHE 1
);


--
-- Name: django_migrations; Type: TABLE; Schema: public; Owner: gic_pgadmin
--

CREATE TABLE public.django_migrations (
    id bigint NOT NULL,
    app character varying(255) NOT NULL,
    name character varying(255) NOT NULL,
    applied timestamp with time zone NOT NULL
);


ALTER TABLE public.django_migrations OWNER TO gic_pgadmin;

--
-- Name: django_migrations_id_seq; Type: SEQUENCE; Schema: public; Owner: gic_pgadmin
--

ALTER TABLE public.django_migrations ALTER COLUMN id ADD GENERATED BY DEFAULT AS IDENTITY (
    SEQUENCE NAME public.django_migrations_id_seq
    START WITH 1
    INCREMENT BY 1
    NO MINVALUE
    NO MAXVALUE
    CACHE 1
);


--
-- Name: django_session; Type: TABLE; Schema: public; Owner: gic_pgadmin
--

CREATE TABLE public.django_session (
    session_key character varying(40) NOT NULL,
    session_data text NOT NULL,
    expire_date timestamp with time zone NOT NULL
);


ALTER TABLE public.django_session OWNER TO gic_pgadmin;

--
-- Name: documents_circular; Type: TABLE; Schema: public; Owner: gic_pgadmin
--

CREATE TABLE public.documents_circular (
    id bigint NOT NULL,
    title character varying(255) NOT NULL,
    about text NOT NULL,
    attachment character varying(100) NOT NULL,
    date date NOT NULL,
    slug character varying(50)
);


ALTER TABLE public.documents_circular OWNER TO gic_pgadmin;

--
-- Name: documents_circular_id_seq; Type: SEQUENCE; Schema: public; Owner: gic_pgadmin
--

ALTER TABLE public.documents_circular ALTER COLUMN id ADD GENERATED BY DEFAULT AS IDENTITY (
    SEQUENCE NAME public.documents_circular_id_seq
    START WITH 1
    INCREMENT BY 1
    NO MINVALUE
    NO MAXVALUE
    CACHE 1
);


--
-- Name: documents_report; Type: TABLE; Schema: public; Owner: gic_pgadmin
--

CREATE TABLE public.documents_report (
    id bigint NOT NULL,
    title character varying(255) NOT NULL,
    about text NOT NULL,
    attachment character varying(100) NOT NULL,
    date date NOT NULL,
    slug character varying(50)
);


ALTER TABLE public.documents_report OWNER TO gic_pgadmin;

--
-- Name: documents_report_id_seq; Type: SEQUENCE; Schema: public; Owner: gic_pgadmin
--

ALTER TABLE public.documents_report ALTER COLUMN id ADD GENERATED BY DEFAULT AS IDENTITY (
    SEQUENCE NAME public.documents_report_id_seq
    START WITH 1
    INCREMENT BY 1
    NO MINVALUE
    NO MAXVALUE
    CACHE 1
);


--
-- Data for Name: CustomUser_customuser; Type: TABLE DATA; Schema: public; Owner: gic_pgadmin
--

COPY public."CustomUser_customuser" (id, password, last_login, is_superuser, first_name, last_name, is_staff, is_active, date_joined, email) FROM stdin;
1	pbkdf2_sha256$720000$tJLgpOlA67qJXuNLwKmm1y$fuAHQVQP5p16/lfQcAHdJy47PaSVYCv9bSl3djLfqc4=	2024-07-10 10:22:38.703932+00	t			t	t	2024-07-10 10:22:15.065855+00	amansevak123@gmail.com
\.


--
-- Data for Name: CustomUser_customuser_groups; Type: TABLE DATA; Schema: public; Owner: gic_pgadmin
--

COPY public."CustomUser_customuser_groups" (id, customuser_id, group_id) FROM stdin;
\.


--
-- Data for Name: CustomUser_customuser_user_permissions; Type: TABLE DATA; Schema: public; Owner: gic_pgadmin
--

COPY public."CustomUser_customuser_user_permissions" (id, customuser_id, permission_id) FROM stdin;
\.


--
-- Data for Name: Home_partner; Type: TABLE DATA; Schema: public; Owner: gic_pgadmin
--

COPY public."Home_partner" (id, logo, title, about, slug) FROM stdin;
1	partner-logos/SSIP.webp	STUDENT STARTUP AND INNOVATION POLICY	The Government of Gujarat's policy supports startups and innovation, assisting individuals and institutions like universities and R&D centers. These institutions also mentor innovators, boosting the economy's technological performance.	111221_1720611330
2	partner-logos/IPR.webp	INTELLECTUAL PROPERTY FACILITATION CENTRE	IPFC for MSMEs, established at ni-msme in August 2009, provides consultancy on trademarks, copyrights, patents, and more. It offers incentives for national and international patents and geographical indications.	706485_1720611432
3	partner-logos/newidealab.webp	IDEA LAB	AICTE-IDEA Labs enhance STEM learning and hands-on experience, promoting skills like critical thinking and creativity. They empower students and faculty for multidisciplinary education and research.	253870_1720611473
4	partner-logos/MIC.webp	MIC	The Ministry of Education's Innovation Cell fosters innovation in Higher Education Institutions nationwide. It creates an ecosystem from idea generation to successful startups and designs a ranking system for innovative institutions.	249434_1720611516
5	partner-logos/DIC.webp	DESIGN INOVATION CENTER	The Gujarat Technological University's Design Innovation Centre, funded by the Ministry of Education in May 2018, provides a platform for students, faculty, and researchers to transform their ideas into design innovations.	326027_1720611555
6	partner-logos/NSTEDB.webp	NSTEDB	Established in 1982, the National Science & Technology Entrepreneurship Development Board (NSTEDB) promotes self-employment and innovation among S&T professionals, under the Department of Science & Technology.	334862_1720611592
\.


--
-- Data for Name: Home_quote; Type: TABLE DATA; Schema: public; Owner: gic_pgadmin
--

COPY public."Home_quote" (id, author, designation, content, slug) FROM stdin;
1	Dr.A.P.J.Abdul Kalam	Former President of India & Aerospace scientist	Dream is not that which you see while sleeping, It is something that doesn’t let you sleep.	209543_1720610079
2	Mr.Hiranmay Mahanta	Former Director, GTU Innovation Council	GTU Innovation Council is the key player (innovation to impact) for solving real time solution and support innovators.	879651_1720610133
3	Shri. Atal Bihari Vajpayee	Former Prime Minister of India	Victory and defeat are a part of life, which are to be viewed with equanimity.	283920_1720610225
4	Shri. Narendra Modi	Prime Minister of India	Hindustan me koi aisa zila na ho, aisa block na ho jahan  koi startup na shuru ho.’Start up India Stand up India’	115924_1720610260
\.


--
-- Data for Name: Home_stats; Type: TABLE DATA; Schema: public; Owner: gic_pgadmin
--

COPY public."Home_stats" (id, title, content, slug) FROM stdin;
1	Application Received SSIP + NI (2500 + 150)	2650	102986_1720609545
2	Selected Startup Data SSIP + NI (250 + 26)	276	279975_1720609570
3	Fund Disbursed in Lakh SSIP + NI (62 + 176 )	234	164440_1720609587
4	Jobs Created by Startup (SSIP +NI)	500	302169_1720609609
5	Revenue generated in crore(SSIP + NI)	12.3	631057_1720609732
\.


--
-- Data for Name: Notifications_incubation; Type: TABLE DATA; Schema: public; Owner: gic_pgadmin
--

COPY public."Notifications_incubation" (id, start_up_title, city, founders_name, founders_email, founders_contact, cofounders_name, cofounders_email, cofounders_contact, team_size, domain, description, incubation_form_url, aadhar_url, slug) FROM stdin;
\.


--
-- Data for Name: Notifications_inquiry; Type: TABLE DATA; Schema: public; Owner: gic_pgadmin
--

COPY public."Notifications_inquiry" (id, email, start_up_title, name, city, contact, incorporated, description, startup_stage, needed_support, incubated, team_size, raised_fund_amount, funding_agency, pitch_deck_url, slug) FROM stdin;
\.


--
-- Data for Name: Notifications_reachout; Type: TABLE DATA; Schema: public; Owner: gic_pgadmin
--

COPY public."Notifications_reachout" (id, email, name, contact, message) FROM stdin;
\.


--
-- Data for Name: auth_group; Type: TABLE DATA; Schema: public; Owner: gic_pgadmin
--

COPY public.auth_group (id, name) FROM stdin;
\.


--
-- Data for Name: auth_group_permissions; Type: TABLE DATA; Schema: public; Owner: gic_pgadmin
--

COPY public.auth_group_permissions (id, group_id, permission_id) FROM stdin;
\.


--
-- Data for Name: auth_permission; Type: TABLE DATA; Schema: public; Owner: gic_pgadmin
--

COPY public.auth_permission (id, name, content_type_id, codename) FROM stdin;
1	Can add log entry	1	add_logentry
2	Can change log entry	1	change_logentry
3	Can delete log entry	1	delete_logentry
4	Can view log entry	1	view_logentry
5	Can add permission	2	add_permission
6	Can change permission	2	change_permission
7	Can delete permission	2	delete_permission
8	Can view permission	2	view_permission
9	Can add group	3	add_group
10	Can change group	3	change_group
11	Can delete group	3	delete_group
12	Can view group	3	view_group
13	Can add content type	4	add_contenttype
14	Can change content type	4	change_contenttype
15	Can delete content type	4	delete_contenttype
16	Can view content type	4	view_contenttype
17	Can add session	5	add_session
18	Can change session	5	change_session
19	Can delete session	5	delete_session
20	Can view session	5	view_session
21	Can add partner	6	add_partner
22	Can change partner	6	change_partner
23	Can delete partner	6	delete_partner
24	Can view partner	6	view_partner
25	Can add quote	7	add_quote
26	Can change quote	7	change_quote
27	Can delete quote	7	delete_quote
28	Can view quote	7	view_quote
29	Can add stats	8	add_stats
30	Can change stats	8	change_stats
31	Can delete stats	8	delete_stats
32	Can view stats	8	view_stats
33	Can add user	9	add_customuser
34	Can change user	9	change_customuser
35	Can delete user	9	delete_customuser
36	Can view user	9	view_customuser
37	Can add incubation	10	add_incubation
38	Can change incubation	10	change_incubation
39	Can delete incubation	10	delete_incubation
40	Can view incubation	10	view_incubation
41	Can add inquiry	11	add_inquiry
42	Can change inquiry	11	change_inquiry
43	Can delete inquiry	11	delete_inquiry
44	Can view inquiry	11	view_inquiry
45	Can add reach out	12	add_reachout
46	Can change reach out	12	change_reachout
47	Can delete reach out	12	delete_reachout
48	Can view reach out	12	view_reachout
49	Can add circular	13	add_circular
50	Can change circular	13	change_circular
51	Can delete circular	13	delete_circular
52	Can view circular	13	view_circular
53	Can add report	14	add_report
54	Can change report	14	change_report
55	Can delete report	14	delete_report
56	Can view report	14	view_report
\.


--
-- Data for Name: django_admin_log; Type: TABLE DATA; Schema: public; Owner: gic_pgadmin
--

COPY public.django_admin_log (id, action_time, object_id, object_repr, action_flag, change_message, content_type_id, user_id) FROM stdin;
1	2024-07-10 10:23:29.501022+00	1	abc	1	[{"added": {}}]	13	1
2	2024-07-10 11:05:45.098349+00	1	Application Received SSIP + NI (2500 + 150)	1	[{"added": {}}]	8	1
3	2024-07-10 11:06:10.928902+00	2	Selected Startup Data SSIP + NI (250 + 26)	1	[{"added": {}}]	8	1
4	2024-07-10 11:06:27.052068+00	3	Fund Disbursed in Lakh SSIP + NI (62 + 176 )	1	[{"added": {}}]	8	1
5	2024-07-10 11:06:49.602055+00	4	Jobs Created by Startup (SSIP +NI)	1	[{"added": {}}]	8	1
6	2024-07-10 11:08:52.329938+00	5	Revenue generated in crore(SSIP + NI)	1	[{"added": {}}]	8	1
7	2024-07-10 11:14:39.421112+00	1	Dr.A.P.J.Abdul Kalam	1	[{"added": {}}]	7	1
8	2024-07-10 11:15:33.220451+00	2	Mr.Hiranmay Mahanta	1	[{"added": {}}]	7	1
9	2024-07-10 11:17:05.82569+00	3	Shri. Atal Bihari Vajpayee	1	[{"added": {}}]	7	1
10	2024-07-10 11:17:40.093776+00	4	Shri. Narendra Modi	1	[{"added": {}}]	7	1
11	2024-07-10 11:35:31.202029+00	1	STUDENT STARTUP AND INNOVATION POLICY	1	[{"added": {}}]	6	1
12	2024-07-10 11:37:13.561701+00	2	INTELLECTUAL PROPERTY FACILITATION CENTRE	1	[{"added": {}}]	6	1
13	2024-07-10 11:37:54.486081+00	3	IDEA LAB	1	[{"added": {}}]	6	1
14	2024-07-10 11:38:37.345718+00	4	MIC	1	[{"added": {}}]	6	1
15	2024-07-10 11:39:16.273031+00	5	DESIGN INOVATION CENTER	1	[{"added": {}}]	6	1
16	2024-07-10 11:39:53.391016+00	6	NSTEDB	1	[{"added": {}}]	6	1
\.


--
-- Data for Name: django_content_type; Type: TABLE DATA; Schema: public; Owner: gic_pgadmin
--

COPY public.django_content_type (id, app_label, model) FROM stdin;
1	admin	logentry
2	auth	permission
3	auth	group
4	contenttypes	contenttype
5	sessions	session
6	Home	partner
7	Home	quote
8	Home	stats
9	CustomUser	customuser
10	Notifications	incubation
11	Notifications	inquiry
12	Notifications	reachout
13	documents	circular
14	documents	report
\.


--
-- Data for Name: django_migrations; Type: TABLE DATA; Schema: public; Owner: gic_pgadmin
--

COPY public.django_migrations (id, app, name, applied) FROM stdin;
1	contenttypes	0001_initial	2024-07-10 10:14:30.523401+00
2	contenttypes	0002_remove_content_type_name	2024-07-10 10:14:30.529969+00
3	auth	0001_initial	2024-07-10 10:14:30.559986+00
4	auth	0002_alter_permission_name_max_length	2024-07-10 10:14:30.56326+00
5	auth	0003_alter_user_email_max_length	2024-07-10 10:14:30.566581+00
6	auth	0004_alter_user_username_opts	2024-07-10 10:14:30.569825+00
7	auth	0005_alter_user_last_login_null	2024-07-10 10:14:30.573249+00
8	auth	0006_require_contenttypes_0002	2024-07-10 10:14:30.574782+00
9	auth	0007_alter_validators_add_error_messages	2024-07-10 10:14:30.578222+00
10	auth	0008_alter_user_username_max_length	2024-07-10 10:14:30.581347+00
11	auth	0009_alter_user_last_name_max_length	2024-07-10 10:14:30.586604+00
12	auth	0010_alter_group_name_max_length	2024-07-10 10:14:30.590235+00
13	auth	0011_update_proxy_permissions	2024-07-10 10:14:30.593217+00
14	auth	0012_alter_user_first_name_max_length	2024-07-10 10:14:30.596209+00
15	CustomUser	0001_initial	2024-07-10 10:14:30.626355+00
16	Home	0001_initial	2024-07-10 10:14:30.654402+00
17	Notifications	0001_initial	2024-07-10 10:14:30.678685+00
18	admin	0001_initial	2024-07-10 10:14:30.693656+00
19	admin	0002_logentry_remove_auto_add	2024-07-10 10:14:30.700108+00
20	admin	0003_logentry_add_action_flag_choices	2024-07-10 10:14:30.707161+00
21	documents	0001_initial	2024-07-10 10:14:30.727479+00
22	sessions	0001_initial	2024-07-10 10:14:30.739568+00
\.


--
-- Data for Name: django_session; Type: TABLE DATA; Schema: public; Owner: gic_pgadmin
--

COPY public.django_session (session_key, session_data, expire_date) FROM stdin;
at8b93dqpx1fd4g6h9612bi0i8uh830r	.eJxVjDsOwjAQRO_iGlnrrxJKes5g7Xo3OIASKU6qiLvjSCmgmWLem9lVwm0taauypJHVVRl1-e0I80umA_ATp8es8zyty0j6UPRJq77PLO_b6f4dFKylrYM1zF2gHnpBjNl7gTi4FtL13hkSBsyOAAJZC0MLO6B3XTQEkYP6fAHjnjeu:1sRUT8:WqUfRijSr-1sKNErkmGooZzzl8TRhmwKPwTjNKLdgKI	2024-07-24 10:22:38.723065+00
\.


--
-- Data for Name: documents_circular; Type: TABLE DATA; Schema: public; Owner: gic_pgadmin
--

COPY public.documents_circular (id, title, about, attachment, date, slug) FROM stdin;
1	abc	abc	circulars/BHATT_AMANKUMAR_ANANDKUMAR_.pdf	2024-07-10	177207_1720607002
\.


--
-- Data for Name: documents_report; Type: TABLE DATA; Schema: public; Owner: gic_pgadmin
--

COPY public.documents_report (id, title, about, attachment, date, slug) FROM stdin;
\.


--
-- Name: CustomUser_customuser_groups_id_seq; Type: SEQUENCE SET; Schema: public; Owner: gic_pgadmin
--

SELECT pg_catalog.setval('public."CustomUser_customuser_groups_id_seq"', 1, false);


--
-- Name: CustomUser_customuser_id_seq; Type: SEQUENCE SET; Schema: public; Owner: gic_pgadmin
--

SELECT pg_catalog.setval('public."CustomUser_customuser_id_seq"', 1, true);


--
-- Name: CustomUser_customuser_user_permissions_id_seq; Type: SEQUENCE SET; Schema: public; Owner: gic_pgadmin
--

SELECT pg_catalog.setval('public."CustomUser_customuser_user_permissions_id_seq"', 1, false);


--
-- Name: Home_partner_id_seq; Type: SEQUENCE SET; Schema: public; Owner: gic_pgadmin
--

SELECT pg_catalog.setval('public."Home_partner_id_seq"', 6, true);


--
-- Name: Home_quote_id_seq; Type: SEQUENCE SET; Schema: public; Owner: gic_pgadmin
--

SELECT pg_catalog.setval('public."Home_quote_id_seq"', 4, true);


--
-- Name: Home_stats_id_seq; Type: SEQUENCE SET; Schema: public; Owner: gic_pgadmin
--

SELECT pg_catalog.setval('public."Home_stats_id_seq"', 5, true);


--
-- Name: Notifications_incubation_id_seq; Type: SEQUENCE SET; Schema: public; Owner: gic_pgadmin
--

SELECT pg_catalog.setval('public."Notifications_incubation_id_seq"', 1, false);


--
-- Name: Notifications_inquiry_id_seq; Type: SEQUENCE SET; Schema: public; Owner: gic_pgadmin
--

SELECT pg_catalog.setval('public."Notifications_inquiry_id_seq"', 1, false);


--
-- Name: Notifications_reachout_id_seq; Type: SEQUENCE SET; Schema: public; Owner: gic_pgadmin
--

SELECT pg_catalog.setval('public."Notifications_reachout_id_seq"', 1, false);


--
-- Name: auth_group_id_seq; Type: SEQUENCE SET; Schema: public; Owner: gic_pgadmin
--

SELECT pg_catalog.setval('public.auth_group_id_seq', 1, false);


--
-- Name: auth_group_permissions_id_seq; Type: SEQUENCE SET; Schema: public; Owner: gic_pgadmin
--

SELECT pg_catalog.setval('public.auth_group_permissions_id_seq', 1, false);


--
-- Name: auth_permission_id_seq; Type: SEQUENCE SET; Schema: public; Owner: gic_pgadmin
--

SELECT pg_catalog.setval('public.auth_permission_id_seq', 56, true);


--
-- Name: django_admin_log_id_seq; Type: SEQUENCE SET; Schema: public; Owner: gic_pgadmin
--

SELECT pg_catalog.setval('public.django_admin_log_id_seq', 16, true);


--
-- Name: django_content_type_id_seq; Type: SEQUENCE SET; Schema: public; Owner: gic_pgadmin
--

SELECT pg_catalog.setval('public.django_content_type_id_seq', 14, true);


--
-- Name: django_migrations_id_seq; Type: SEQUENCE SET; Schema: public; Owner: gic_pgadmin
--

SELECT pg_catalog.setval('public.django_migrations_id_seq', 22, true);


--
-- Name: documents_circular_id_seq; Type: SEQUENCE SET; Schema: public; Owner: gic_pgadmin
--

SELECT pg_catalog.setval('public.documents_circular_id_seq', 1, true);


--
-- Name: documents_report_id_seq; Type: SEQUENCE SET; Schema: public; Owner: gic_pgadmin
--

SELECT pg_catalog.setval('public.documents_report_id_seq', 1, false);


--
-- Name: CustomUser_customuser CustomUser_customuser_email_key; Type: CONSTRAINT; Schema: public; Owner: gic_pgadmin
--

ALTER TABLE ONLY public."CustomUser_customuser"
    ADD CONSTRAINT "CustomUser_customuser_email_key" UNIQUE (email);


--
-- Name: CustomUser_customuser_groups CustomUser_customuser_gr_customuser_id_group_id_b93892d6_uniq; Type: CONSTRAINT; Schema: public; Owner: gic_pgadmin
--

ALTER TABLE ONLY public."CustomUser_customuser_groups"
    ADD CONSTRAINT "CustomUser_customuser_gr_customuser_id_group_id_b93892d6_uniq" UNIQUE (customuser_id, group_id);


--
-- Name: CustomUser_customuser_groups CustomUser_customuser_groups_pkey; Type: CONSTRAINT; Schema: public; Owner: gic_pgadmin
--

ALTER TABLE ONLY public."CustomUser_customuser_groups"
    ADD CONSTRAINT "CustomUser_customuser_groups_pkey" PRIMARY KEY (id);


--
-- Name: CustomUser_customuser CustomUser_customuser_pkey; Type: CONSTRAINT; Schema: public; Owner: gic_pgadmin
--

ALTER TABLE ONLY public."CustomUser_customuser"
    ADD CONSTRAINT "CustomUser_customuser_pkey" PRIMARY KEY (id);


--
-- Name: CustomUser_customuser_user_permissions CustomUser_customuser_us_customuser_id_permission_4674fd8b_uniq; Type: CONSTRAINT; Schema: public; Owner: gic_pgadmin
--

ALTER TABLE ONLY public."CustomUser_customuser_user_permissions"
    ADD CONSTRAINT "CustomUser_customuser_us_customuser_id_permission_4674fd8b_uniq" UNIQUE (customuser_id, permission_id);


--
-- Name: CustomUser_customuser_user_permissions CustomUser_customuser_user_permissions_pkey; Type: CONSTRAINT; Schema: public; Owner: gic_pgadmin
--

ALTER TABLE ONLY public."CustomUser_customuser_user_permissions"
    ADD CONSTRAINT "CustomUser_customuser_user_permissions_pkey" PRIMARY KEY (id);


--
-- Name: Home_partner Home_partner_pkey; Type: CONSTRAINT; Schema: public; Owner: gic_pgadmin
--

ALTER TABLE ONLY public."Home_partner"
    ADD CONSTRAINT "Home_partner_pkey" PRIMARY KEY (id);


--
-- Name: Home_partner Home_partner_slug_key; Type: CONSTRAINT; Schema: public; Owner: gic_pgadmin
--

ALTER TABLE ONLY public."Home_partner"
    ADD CONSTRAINT "Home_partner_slug_key" UNIQUE (slug);


--
-- Name: Home_quote Home_quote_pkey; Type: CONSTRAINT; Schema: public; Owner: gic_pgadmin
--

ALTER TABLE ONLY public."Home_quote"
    ADD CONSTRAINT "Home_quote_pkey" PRIMARY KEY (id);


--
-- Name: Home_quote Home_quote_slug_key; Type: CONSTRAINT; Schema: public; Owner: gic_pgadmin
--

ALTER TABLE ONLY public."Home_quote"
    ADD CONSTRAINT "Home_quote_slug_key" UNIQUE (slug);


--
-- Name: Home_stats Home_stats_pkey; Type: CONSTRAINT; Schema: public; Owner: gic_pgadmin
--

ALTER TABLE ONLY public."Home_stats"
    ADD CONSTRAINT "Home_stats_pkey" PRIMARY KEY (id);


--
-- Name: Home_stats Home_stats_slug_key; Type: CONSTRAINT; Schema: public; Owner: gic_pgadmin
--

ALTER TABLE ONLY public."Home_stats"
    ADD CONSTRAINT "Home_stats_slug_key" UNIQUE (slug);


--
-- Name: Notifications_incubation Notifications_incubation_pkey; Type: CONSTRAINT; Schema: public; Owner: gic_pgadmin
--

ALTER TABLE ONLY public."Notifications_incubation"
    ADD CONSTRAINT "Notifications_incubation_pkey" PRIMARY KEY (id);


--
-- Name: Notifications_incubation Notifications_incubation_slug_key; Type: CONSTRAINT; Schema: public; Owner: gic_pgadmin
--

ALTER TABLE ONLY public."Notifications_incubation"
    ADD CONSTRAINT "Notifications_incubation_slug_key" UNIQUE (slug);


--
-- Name: Notifications_inquiry Notifications_inquiry_pkey; Type: CONSTRAINT; Schema: public; Owner: gic_pgadmin
--

ALTER TABLE ONLY public."Notifications_inquiry"
    ADD CONSTRAINT "Notifications_inquiry_pkey" PRIMARY KEY (id);


--
-- Name: Notifications_inquiry Notifications_inquiry_slug_key; Type: CONSTRAINT; Schema: public; Owner: gic_pgadmin
--

ALTER TABLE ONLY public."Notifications_inquiry"
    ADD CONSTRAINT "Notifications_inquiry_slug_key" UNIQUE (slug);


--
-- Name: Notifications_reachout Notifications_reachout_pkey; Type: CONSTRAINT; Schema: public; Owner: gic_pgadmin
--

ALTER TABLE ONLY public."Notifications_reachout"
    ADD CONSTRAINT "Notifications_reachout_pkey" PRIMARY KEY (id);


--
-- Name: auth_group auth_group_name_key; Type: CONSTRAINT; Schema: public; Owner: gic_pgadmin
--

ALTER TABLE ONLY public.auth_group
    ADD CONSTRAINT auth_group_name_key UNIQUE (name);


--
-- Name: auth_group_permissions auth_group_permissions_group_id_permission_id_0cd325b0_uniq; Type: CONSTRAINT; Schema: public; Owner: gic_pgadmin
--

ALTER TABLE ONLY public.auth_group_permissions
    ADD CONSTRAINT auth_group_permissions_group_id_permission_id_0cd325b0_uniq UNIQUE (group_id, permission_id);


--
-- Name: auth_group_permissions auth_group_permissions_pkey; Type: CONSTRAINT; Schema: public; Owner: gic_pgadmin
--

ALTER TABLE ONLY public.auth_group_permissions
    ADD CONSTRAINT auth_group_permissions_pkey PRIMARY KEY (id);


--
-- Name: auth_group auth_group_pkey; Type: CONSTRAINT; Schema: public; Owner: gic_pgadmin
--

ALTER TABLE ONLY public.auth_group
    ADD CONSTRAINT auth_group_pkey PRIMARY KEY (id);


--
-- Name: auth_permission auth_permission_content_type_id_codename_01ab375a_uniq; Type: CONSTRAINT; Schema: public; Owner: gic_pgadmin
--

ALTER TABLE ONLY public.auth_permission
    ADD CONSTRAINT auth_permission_content_type_id_codename_01ab375a_uniq UNIQUE (content_type_id, codename);


--
-- Name: auth_permission auth_permission_pkey; Type: CONSTRAINT; Schema: public; Owner: gic_pgadmin
--

ALTER TABLE ONLY public.auth_permission
    ADD CONSTRAINT auth_permission_pkey PRIMARY KEY (id);


--
-- Name: django_admin_log django_admin_log_pkey; Type: CONSTRAINT; Schema: public; Owner: gic_pgadmin
--

ALTER TABLE ONLY public.django_admin_log
    ADD CONSTRAINT django_admin_log_pkey PRIMARY KEY (id);


--
-- Name: django_content_type django_content_type_app_label_model_76bd3d3b_uniq; Type: CONSTRAINT; Schema: public; Owner: gic_pgadmin
--

ALTER TABLE ONLY public.django_content_type
    ADD CONSTRAINT django_content_type_app_label_model_76bd3d3b_uniq UNIQUE (app_label, model);


--
-- Name: django_content_type django_content_type_pkey; Type: CONSTRAINT; Schema: public; Owner: gic_pgadmin
--

ALTER TABLE ONLY public.django_content_type
    ADD CONSTRAINT django_content_type_pkey PRIMARY KEY (id);


--
-- Name: django_migrations django_migrations_pkey; Type: CONSTRAINT; Schema: public; Owner: gic_pgadmin
--

ALTER TABLE ONLY public.django_migrations
    ADD CONSTRAINT django_migrations_pkey PRIMARY KEY (id);


--
-- Name: django_session django_session_pkey; Type: CONSTRAINT; Schema: public; Owner: gic_pgadmin
--

ALTER TABLE ONLY public.django_session
    ADD CONSTRAINT django_session_pkey PRIMARY KEY (session_key);


--
-- Name: documents_circular documents_circular_pkey; Type: CONSTRAINT; Schema: public; Owner: gic_pgadmin
--

ALTER TABLE ONLY public.documents_circular
    ADD CONSTRAINT documents_circular_pkey PRIMARY KEY (id);


--
-- Name: documents_circular documents_circular_slug_key; Type: CONSTRAINT; Schema: public; Owner: gic_pgadmin
--

ALTER TABLE ONLY public.documents_circular
    ADD CONSTRAINT documents_circular_slug_key UNIQUE (slug);


--
-- Name: documents_report documents_report_pkey; Type: CONSTRAINT; Schema: public; Owner: gic_pgadmin
--

ALTER TABLE ONLY public.documents_report
    ADD CONSTRAINT documents_report_pkey PRIMARY KEY (id);


--
-- Name: documents_report documents_report_slug_key; Type: CONSTRAINT; Schema: public; Owner: gic_pgadmin
--

ALTER TABLE ONLY public.documents_report
    ADD CONSTRAINT documents_report_slug_key UNIQUE (slug);


--
-- Name: CustomUser_customuser_email_4cbec7b5_like; Type: INDEX; Schema: public; Owner: gic_pgadmin
--

CREATE INDEX "CustomUser_customuser_email_4cbec7b5_like" ON public."CustomUser_customuser" USING btree (email varchar_pattern_ops);


--
-- Name: CustomUser_customuser_groups_customuser_id_905286ba; Type: INDEX; Schema: public; Owner: gic_pgadmin
--

CREATE INDEX "CustomUser_customuser_groups_customuser_id_905286ba" ON public."CustomUser_customuser_groups" USING btree (customuser_id);


--
-- Name: CustomUser_customuser_groups_group_id_0fbcb83a; Type: INDEX; Schema: public; Owner: gic_pgadmin
--

CREATE INDEX "CustomUser_customuser_groups_group_id_0fbcb83a" ON public."CustomUser_customuser_groups" USING btree (group_id);


--
-- Name: CustomUser_customuser_user_permissions_customuser_id_37c73c20; Type: INDEX; Schema: public; Owner: gic_pgadmin
--

CREATE INDEX "CustomUser_customuser_user_permissions_customuser_id_37c73c20" ON public."CustomUser_customuser_user_permissions" USING btree (customuser_id);


--
-- Name: CustomUser_customuser_user_permissions_permission_id_a600872b; Type: INDEX; Schema: public; Owner: gic_pgadmin
--

CREATE INDEX "CustomUser_customuser_user_permissions_permission_id_a600872b" ON public."CustomUser_customuser_user_permissions" USING btree (permission_id);


--
-- Name: Home_partner_slug_412047fd_like; Type: INDEX; Schema: public; Owner: gic_pgadmin
--

CREATE INDEX "Home_partner_slug_412047fd_like" ON public."Home_partner" USING btree (slug varchar_pattern_ops);


--
-- Name: Home_quote_slug_58a47f36_like; Type: INDEX; Schema: public; Owner: gic_pgadmin
--

CREATE INDEX "Home_quote_slug_58a47f36_like" ON public."Home_quote" USING btree (slug varchar_pattern_ops);


--
-- Name: Home_stats_slug_aa0fea61_like; Type: INDEX; Schema: public; Owner: gic_pgadmin
--

CREATE INDEX "Home_stats_slug_aa0fea61_like" ON public."Home_stats" USING btree (slug varchar_pattern_ops);


--
-- Name: Notifications_incubation_slug_60604aad_like; Type: INDEX; Schema: public; Owner: gic_pgadmin
--

CREATE INDEX "Notifications_incubation_slug_60604aad_like" ON public."Notifications_incubation" USING btree (slug varchar_pattern_ops);


--
-- Name: Notifications_inquiry_slug_38f612c3_like; Type: INDEX; Schema: public; Owner: gic_pgadmin
--

CREATE INDEX "Notifications_inquiry_slug_38f612c3_like" ON public."Notifications_inquiry" USING btree (slug varchar_pattern_ops);


--
-- Name: auth_group_name_a6ea08ec_like; Type: INDEX; Schema: public; Owner: gic_pgadmin
--

CREATE INDEX auth_group_name_a6ea08ec_like ON public.auth_group USING btree (name varchar_pattern_ops);


--
-- Name: auth_group_permissions_group_id_b120cbf9; Type: INDEX; Schema: public; Owner: gic_pgadmin
--

CREATE INDEX auth_group_permissions_group_id_b120cbf9 ON public.auth_group_permissions USING btree (group_id);


--
-- Name: auth_group_permissions_permission_id_84c5c92e; Type: INDEX; Schema: public; Owner: gic_pgadmin
--

CREATE INDEX auth_group_permissions_permission_id_84c5c92e ON public.auth_group_permissions USING btree (permission_id);


--
-- Name: auth_permission_content_type_id_2f476e4b; Type: INDEX; Schema: public; Owner: gic_pgadmin
--

CREATE INDEX auth_permission_content_type_id_2f476e4b ON public.auth_permission USING btree (content_type_id);


--
-- Name: django_admin_log_content_type_id_c4bce8eb; Type: INDEX; Schema: public; Owner: gic_pgadmin
--

CREATE INDEX django_admin_log_content_type_id_c4bce8eb ON public.django_admin_log USING btree (content_type_id);


--
-- Name: django_admin_log_user_id_c564eba6; Type: INDEX; Schema: public; Owner: gic_pgadmin
--

CREATE INDEX django_admin_log_user_id_c564eba6 ON public.django_admin_log USING btree (user_id);


--
-- Name: django_session_expire_date_a5c62663; Type: INDEX; Schema: public; Owner: gic_pgadmin
--

CREATE INDEX django_session_expire_date_a5c62663 ON public.django_session USING btree (expire_date);


--
-- Name: django_session_session_key_c0390e0f_like; Type: INDEX; Schema: public; Owner: gic_pgadmin
--

CREATE INDEX django_session_session_key_c0390e0f_like ON public.django_session USING btree (session_key varchar_pattern_ops);


--
-- Name: documents_circular_slug_3e2c2cd0_like; Type: INDEX; Schema: public; Owner: gic_pgadmin
--

CREATE INDEX documents_circular_slug_3e2c2cd0_like ON public.documents_circular USING btree (slug varchar_pattern_ops);


--
-- Name: documents_report_slug_66ea53b3_like; Type: INDEX; Schema: public; Owner: gic_pgadmin
--

CREATE INDEX documents_report_slug_66ea53b3_like ON public.documents_report USING btree (slug varchar_pattern_ops);


--
-- Name: CustomUser_customuser_user_permissions CustomUser_customuse_customuser_id_37c73c20_fk_CustomUse; Type: FK CONSTRAINT; Schema: public; Owner: gic_pgadmin
--

ALTER TABLE ONLY public."CustomUser_customuser_user_permissions"
    ADD CONSTRAINT "CustomUser_customuse_customuser_id_37c73c20_fk_CustomUse" FOREIGN KEY (customuser_id) REFERENCES public."CustomUser_customuser"(id) DEFERRABLE INITIALLY DEFERRED;


--
-- Name: CustomUser_customuser_groups CustomUser_customuse_customuser_id_905286ba_fk_CustomUse; Type: FK CONSTRAINT; Schema: public; Owner: gic_pgadmin
--

ALTER TABLE ONLY public."CustomUser_customuser_groups"
    ADD CONSTRAINT "CustomUser_customuse_customuser_id_905286ba_fk_CustomUse" FOREIGN KEY (customuser_id) REFERENCES public."CustomUser_customuser"(id) DEFERRABLE INITIALLY DEFERRED;


--
-- Name: CustomUser_customuser_user_permissions CustomUser_customuse_permission_id_a600872b_fk_auth_perm; Type: FK CONSTRAINT; Schema: public; Owner: gic_pgadmin
--

ALTER TABLE ONLY public."CustomUser_customuser_user_permissions"
    ADD CONSTRAINT "CustomUser_customuse_permission_id_a600872b_fk_auth_perm" FOREIGN KEY (permission_id) REFERENCES public.auth_permission(id) DEFERRABLE INITIALLY DEFERRED;


--
-- Name: CustomUser_customuser_groups CustomUser_customuser_groups_group_id_0fbcb83a_fk_auth_group_id; Type: FK CONSTRAINT; Schema: public; Owner: gic_pgadmin
--

ALTER TABLE ONLY public."CustomUser_customuser_groups"
    ADD CONSTRAINT "CustomUser_customuser_groups_group_id_0fbcb83a_fk_auth_group_id" FOREIGN KEY (group_id) REFERENCES public.auth_group(id) DEFERRABLE INITIALLY DEFERRED;


--
-- Name: auth_group_permissions auth_group_permissio_permission_id_84c5c92e_fk_auth_perm; Type: FK CONSTRAINT; Schema: public; Owner: gic_pgadmin
--

ALTER TABLE ONLY public.auth_group_permissions
    ADD CONSTRAINT auth_group_permissio_permission_id_84c5c92e_fk_auth_perm FOREIGN KEY (permission_id) REFERENCES public.auth_permission(id) DEFERRABLE INITIALLY DEFERRED;


--
-- Name: auth_group_permissions auth_group_permissions_group_id_b120cbf9_fk_auth_group_id; Type: FK CONSTRAINT; Schema: public; Owner: gic_pgadmin
--

ALTER TABLE ONLY public.auth_group_permissions
    ADD CONSTRAINT auth_group_permissions_group_id_b120cbf9_fk_auth_group_id FOREIGN KEY (group_id) REFERENCES public.auth_group(id) DEFERRABLE INITIALLY DEFERRED;


--
-- Name: auth_permission auth_permission_content_type_id_2f476e4b_fk_django_co; Type: FK CONSTRAINT; Schema: public; Owner: gic_pgadmin
--

ALTER TABLE ONLY public.auth_permission
    ADD CONSTRAINT auth_permission_content_type_id_2f476e4b_fk_django_co FOREIGN KEY (content_type_id) REFERENCES public.django_content_type(id) DEFERRABLE INITIALLY DEFERRED;


--
-- Name: django_admin_log django_admin_log_content_type_id_c4bce8eb_fk_django_co; Type: FK CONSTRAINT; Schema: public; Owner: gic_pgadmin
--

ALTER TABLE ONLY public.django_admin_log
    ADD CONSTRAINT django_admin_log_content_type_id_c4bce8eb_fk_django_co FOREIGN KEY (content_type_id) REFERENCES public.django_content_type(id) DEFERRABLE INITIALLY DEFERRED;


--
-- Name: django_admin_log django_admin_log_user_id_c564eba6_fk_CustomUser_customuser_id; Type: FK CONSTRAINT; Schema: public; Owner: gic_pgadmin
--

ALTER TABLE ONLY public.django_admin_log
    ADD CONSTRAINT "django_admin_log_user_id_c564eba6_fk_CustomUser_customuser_id" FOREIGN KEY (user_id) REFERENCES public."CustomUser_customuser"(id) DEFERRABLE INITIALLY DEFERRED;


--
-- PostgreSQL database dump complete
--

